figi,name,ticker,exchCode,compositeFIGI,uniqueID,securityType,marketSector,shareClassFIGI,uniqueIDFutOpt,securityType2,securityDescription
BBG0025Y4RY4,ABBVIE INC,ABBV,US,BBG0025Y4RY4,,Common Stock,Equity,BBG0025Y4RZ3,,Common Stock,ABBV
BBG000C101X4,ABIOMED INC,ABMD,US,BBG000C101X4,,Common Stock,Equity,BBG001S64SQ9,,Common Stock,ABMD
BBG000D9D830,ACCENTURE PLC-CL A,ACN,US,BBG000D9D830,,Common Stock,Equity,BBG001SCXK90,,Common Stock,ACN
BBG000CVWGS6,ACTIVISION BLIZZARD INC,ATVI,US,BBG000CVWGS6,,Common Stock,Equity,BBG001S6C009,,Common Stock,ATVI
BBG000BB5006,ADOBE INC,ADBE,US,BBG000BB5006,,Common Stock,Equity,BBG001S5NCQ5,,Common Stock,ADBE
BBG000BBQCY0,ADVANCED MICRO DEVICES,AMD,US,BBG000BBQCY0,,Common Stock,Equity,BBG001S5NN36,,Common Stock,AMD
BBG000F7RCJ1,ADVANCE AUTO PARTS INC,AAP,US,BBG000F7RCJ1,,Common Stock,Equity,BBG001SD2SB2,,Common Stock,AAP
BBG000C23KJ3,AES CORP,AES,US,BBG000C23KJ3,,Common Stock,Equity,BBG001S6B1L5,,Common Stock,AES
BBG000BBBNC6,AFLAC INC,AFL,US,BBG000BBBNC6,,Common Stock,Equity,BBG001S5NGJ4,,Common Stock,AFL
BBG000C2V3D6,AGILENT TECHNOLOGIES INC,A,US,BBG000C2V3D6,,Common Stock,Equity,BBG001SCTQY4,,Common Stock,A
BBG000BC4JJ4,AIR PRODUCTS & CHEMICALS INC,APD,US,BBG000BC4JJ4,,Common Stock,Equity,BBG001S5NSB6,,Common Stock,APD
BBG000BJQWD2,AKAMAI TECHNOLOGIES INC,AKAM,US,BBG000BJQWD2,,Common Stock,Equity,BBG001S7YHX0,,Common Stock,AKAM
BBG000BBL0Y1,ALASKA AIR GROUP INC,ALK,US,BBG000BBL0Y1,,Common Stock,Equity,BBG001S5NLG6,,Common Stock,ALK
BBG000BJ26K7,ALBEMARLE CORP,ALB,US,BBG000BJ26K7,,Common Stock,Equity,BBG001S7SBP9,,Common Stock,ALB
BBG000BC33T9,ALEXANDRIA REAL ESTATE EQUIT,ARE,US,BBG000BC33T9,,REIT,Equity,BBG001S6CPH6,,REIT,ARE
BBG000BRNLL2,ALIGN TECHNOLOGY INC,ALGN,US,BBG000BRNLL2,,Common Stock,Equity,BBG001SCF1B9,,Common Stock,ALGN
BBG003PS7JV1,ALLEGION PLC,ALLE,US,BBG003PS7JV1,,Common Stock,Equity,BBG003PS7JW0,,Common Stock,ALLE
BBG000BVMGF2,ALLSTATE CORP,ALL,US,BBG000BVMGF2,,Common Stock,Equity,BBG001S9BM06,,Common Stock,ALL
BBG000BVPV84,AMAZON.COM INC,AMZN,US,BBG000BVPV84,,Common Stock,Equity,BBG001S5PQL7,,Common Stock,AMZN
BBG00LNJRQ09,AMCOR PLC,AMCR,US,BBG00LNJRQ09,,Common Stock,Equity,BBG00LNJRQ18,,Common Stock,AMCR
BBG000B9X8C0,AMEREN CORPORATION,AEE,US,BBG000B9X8C0,,Common Stock,Equity,BBG001S5NF24,,Common Stock,AEE
BBG005P7Q881,AMERICAN AIRLINES GROUP INC,AAL,US,BBG005P7Q881,,Common Stock,Equity,BBG005P7Q907,,Common Stock,AAL
BBG000BB9KF2,AMERICAN ELECTRIC POWER,AEP,US,BBG000BB9KF2,,Common Stock,Equity,BBG001S5NFD2,,Common Stock,AEP
BBG000BCQZS4,AMERICAN EXPRESS CO,AXP,US,BBG000BCQZS4,,Common Stock,Equity,BBG001S5P034,,Common Stock,AXP
BBG000BBDZG3,AMERICAN INTERNATIONAL GROUP,AIG,US,BBG000BBDZG3,,Common Stock,Equity,BBG001S5NJG1,,Common Stock,AIG
BBG000B9XYV2,AMERICAN TOWER CORP,AMT,US,BBG000B9XYV2,,REIT,Equity,BBG001S5NPQ6,,REIT,AMT
BBG000TRJ294,AMERICAN WATER WORKS CO INC,AWK,US,BBG000TRJ294,,Common Stock,Equity,BBG001SPHYW3,,Common Stock,AWK
BBG000G3QLY3,AMERIPRISE FINANCIAL INC,AMP,US,BBG000G3QLY3,,Common Stock,Equity,BBG001SK6096,,Common Stock,AMP
BBG000MDCQC2,AMERISOURCEBERGEN CORP,ABC,US,BBG000MDCQC2,,Common Stock,Equity,BBG001S8X7P0,,Common Stock,ABC
BBG000B9XG87,AMETEK INC,AME,US,BBG000B9XG87,,Common Stock,Equity,BBG001S5NN54,,Common Stock,AME
BBG000BBS2Y0,AMGEN INC,AMGN,US,BBG000BBS2Y0,,Common Stock,Equity,BBG001S5NNL6,,Common Stock,AMGN
BBG000B9YJ35,AMPHENOL CORP-CL A,APH,US,BBG000B9YJ35,,Common Stock,Equity,BBG001S5NSK6,,Common Stock,APH
BBG000BB6G37,ANALOG DEVICES INC,ADI,US,BBG000BB6G37,,Common Stock,Equity,BBG001S5ND38,,Common Stock,ADI
BBG000GXZ4W7,ANSYS INC,ANSS,US,BBG000GXZ4W7,,Common Stock,Equity,BBG001S926L8,,Common Stock,ANSS
BBG000BCG930,ANTHEM INC,ANTM,US,BBG000BCG930,,Common Stock,Equity,BBG001S6KBQ8,,Common Stock,ANTM
BBG00SSQFPK6,AON PLC-CLASS A,AON,US,BBG00SSQFPK6,,Common Stock,Equity,BBG00SSQFPR9,,Common Stock,AON
BBG000BC1L02,SMITH (A.O.) CORP,AOS,US,BBG000BC1L02,,Common Stock,Equity,BBG001S5NRY3,,Common Stock,AOS
BBG00YTS96G2,APA CORP,APA,US,BBG00YTS96G2,,Common Stock,Equity,BBG00YTS96H1,,Common Stock,APA
BBG000B9XRY4,APPLE INC,AAPL,US,BBG000B9XRY4,,Common Stock,Equity,BBG001S5N8V8,,Common Stock,AAPL
BBG000BBPFB9,APPLIED MATERIALS INC,AMAT,US,BBG000BBPFB9,,Common Stock,Equity,BBG001S5NMM7,,Common Stock,AMAT
BBG001QD41M9,APTIV PLC,APTV,US,BBG001QD41M9,,Common Stock,Equity,BBG001TRL2T7,,Common Stock,APTV
BBG000BB6WG8,ARCHER-DANIELS-MIDLAND CO,ADM,US,BBG000BB6WG8,,Common Stock,Equity,BBG001S5ND74,,Common Stock,ADM
BBG000N2HDY5,ARISTA NETWORKS INC,ANET,US,BBG000N2HDY5,,Common Stock,Equity,BBG001T51KQ0,,Common Stock,ANET
BBG000BBHXQ3,ARTHUR J GALLAGHER & CO,AJG,US,BBG000BBHXQ3,,Common Stock,Equity,BBG001S5NKC2,,Common Stock,AJG
BBG000BZX1N5,ASSURANT INC,AIZ,US,BBG000BZX1N5,,Common Stock,Equity,BBG001SD9DW5,,Common Stock,AIZ
BBG000BRNGM2,ATMOS ENERGY CORP,ATO,US,BBG000BRNGM2,,Common Stock,Equity,BBG001S5VG05,,Common Stock,ATO
BBG000BM7HL0,AUTODESK INC,ADSK,US,BBG000BM7HL0,,Common Stock,Equity,BBG001S5SCD4,,Common Stock,ADSK
BBG000JG0547,AUTOMATIC DATA PROCESSING,ADP,US,BBG000JG0547,,Common Stock,Equity,BBG001S82KF6,,Common Stock,ADP
BBG000C7LMS8,AUTOZONE INC,AZO,US,BBG000C7LMS8,,Common Stock,Equity,BBG001S6Q5D9,,Common Stock,AZO
BBG000BLPBL5,AVALONBAY COMMUNITIES INC,AVB,US,BBG000BLPBL5,,REIT,Equity,BBG001S7J2H8,,REIT,AVB
BBG000BCQ4P6,AVERY DENNISON CORP,AVY,US,BBG000BCQ4P6,,Common Stock,Equity,BBG001S5NZM8,,Common Stock,AVY
BBG00KHY5S69,BROADCOM INC,AVGO,US,BBG00KHY5S69,,Common Stock,Equity,BBG00KHY5SY8,,Common Stock,AVGO
BBG00GBVBK51,BAKER HUGHES CO,BKR,US,BBG00GBVBK51,,Common Stock,Equity,BBG00GBVBK60,,Common Stock,BKR
BBG000BDDNH5,BALL CORP,BLL,US,BBG000BDDNH5,,Common Stock,Equity,BBG001S5P7Q4,,Common Stock,BLL
BBG000BCTLF6,BANK OF AMERICA CORP,BAC,US,BBG000BCTLF6,,Common Stock,Equity,BBG001S5P0Y0,,Common Stock,BAC
BBG000BNGTQ7,BATH & BODY WORKS INC,BBWI,US,BBG000BNGTQ7,,Common Stock,Equity,BBG001S5SWL1,,Common Stock,BBWI
BBG000BCVJ77,BAXTER INTERNATIONAL INC,BAX,US,BBG000BCVJ77,,Common Stock,Equity,BBG001S5P1K3,,Common Stock,BAX
BBG000BCZYD3,BECTON DICKINSON AND CO,BDX,US,BBG000BCZYD3,,Common Stock,Equity,BBG001S5P374,,Common Stock,BDX
BBG000BCWCG1,BEST BUY CO INC,BBY,US,BBG000BCWCG1,,Common Stock,Equity,BBG001S5P285,,Common Stock,BBY
BBG000DY28W5,BIO-RAD LABORATORIES-A,BIO,US,BBG000DY28W5,,Common Stock,Equity,BBG001S625W4,,Common Stock,BIO
BBG000C17X76,BIOGEN INC,BIIB,US,BBG000C17X76,,Common Stock,Equity,BBG001S67826,,Common Stock,BIIB
BBG000C2PW58,BLACKROCK INC,BLK,US,BBG000C2PW58,,Common Stock,Equity,BBG001SDBP55,,Common Stock,BLK
BBG000BD8PN9,BANK OF NEW YORK MELLON CORP,BK,US,BBG000BD8PN9,,Common Stock,Equity,BBG001S5P6Q6,,Common Stock,BK
BBG000BCSST7,BOEING CO/THE,BA,US,BBG000BCSST7,,Common Stock,Equity,BBG001S5P0V3,,Common Stock,BA
BBG000BLBVN4,BOOKING HOLDINGS INC,BKNG,US,BBG000BLBVN4,,Common Stock,Equity,BBG001S89N72,,Common Stock,BKNG
BBG000BJ49H3,BORGWARNER INC,BWA,US,BBG000BJ49H3,,Common Stock,Equity,BBG001S7F4D2,,Common Stock,BWA
BBG000BS5CM9,BOSTON PROPERTIES INC,BXP,US,BBG000BS5CM9,,REIT,Equity,BBG001S9TWV1,,REIT,BXP
BBG000C0LW92,BOSTON SCIENTIFIC CORP,BSX,US,BBG000C0LW92,,Common Stock,Equity,BBG001S63L94,,Common Stock,BSX
BBG000DQLV23,BRISTOL-MYERS SQUIBB CO,BMY,US,BBG000DQLV23,,Common Stock,Equity,BBG001S8N8J6,,Common Stock,BMY
BBG000PPFKQ7,BROADRIDGE FINANCIAL SOLUTIO,BR,US,BBG000PPFKQ7,,Common Stock,Equity,BBG001SR7MB9,,Common Stock,BR
BBG000BWSGF4,BROWN & BROWN INC,BRO,US,BBG000BWSGF4,,Common Stock,Equity,BBG001S5XFN0,,Common Stock,BRO
BBG000BD0TF8,FRANKLIN RESOURCES INC,BEN,US,BBG000BD0TF8,,Common Stock,Equity,BBG001S5P3W6,,Common Stock,BEN
BBG000BTCH57,C.H. ROBINSON WORLDWIDE INC,CHRW,US,BBG000BTCH57,,Common Stock,Equity,BBG001SB6KF5,,Common Stock,CHRW
BBG000C13CD9,CADENCE DESIGN SYS INC,CDNS,US,BBG000C13CD9,,Common Stock,Equity,BBG001S65YK1,,Common Stock,CDNS
BBG0074Q3NK6,CAESARS ENTERTAINMENT INC,CZR,US,BBG0074Q3NK6,,Common Stock,Equity,BBG0074Q3NL5,,Common Stock,CZR
BBG000BG4202,CAMPBELL SOUP CO,CPB,US,BBG000BG4202,,Common Stock,Equity,BBG001S5Q2B0,,Common Stock,CPB
BBG000BGKTF9,CAPITAL ONE FINANCIAL CORP,COF,US,BBG000BGKTF9,,Common Stock,Equity,BBG001S65PV8,,Common Stock,COF
BBG000D898T9,CARDINAL HEALTH INC,CAH,US,BBG000D898T9,,Common Stock,Equity,BBG001S7PC34,,Common Stock,CAH
BBG000BF6LY3,CARNIVAL CORP,CCL,US,BBG000BF6LY3,,Common Stock,Equity,BBG001S5PL01,,Common Stock,CCL
BBG00RP5HYS8,CARRIER GLOBAL CORP,CARR,US,BBG00RP5HYS8,,Common Stock,Equity,BBG00RP5HZM1,,Common Stock,CARR
BBG005XR47P5,CATALENT INC,CTLT,US,BBG005XR47P5,,Common Stock,Equity,BBG005XR47N7,,Common Stock,CTLT
BBG000BF0K17,CATERPILLAR INC,CAT,US,BBG000BF0K17,,Common Stock,Equity,BBG001S5PJ06,,Common Stock,CAT
BBG000QH56C1,CBOE GLOBAL MARKETS INC,CBOE,US,BBG000QH56C1,,Common Stock,Equity,BBG001T71BP7,,Common Stock,CBOE
BBG000C04224,CBRE GROUP INC - A,CBRE,US,BBG000C04224,,Common Stock,Equity,BBG001SC2D27,,Common Stock,CBRE
BBG001P63B80,CDW CORP/DE,CDW,US,BBG001P63B80,,Common Stock,Equity,BBG001V18TB6,,Common Stock,CDW
BBG000JYP7L8,CELANESE CORP,CE,US,BBG000JYP7L8,,Common Stock,Equity,BBG001SJDDG5,,Common Stock,CE
BBG000BDXCJ5,CENTENE CORP,CNC,US,BBG000BDXCJ5,,Common Stock,Equity,BBG001S6T7Q8,,Common Stock,CNC
BBG000FDBX90,CENTERPOINT ENERGY INC,CNP,US,BBG000FDBX90,,Common Stock,Equity,BBG001SB10S0,,Common Stock,CNP
BBG005D7PF34,CERIDIAN HCM HOLDING INC,CDAY,US,BBG005D7PF34,,Common Stock,Equity,BBG005D7PF43,,Common Stock,CDAY
BBG000BFDLV8,CERNER CORP,CERN,US,BBG000BFDLV8,,Common Stock,Equity,BBG001S5PNR8,,Common Stock,CERN
BBG000BWJFZ4,CF INDUSTRIES HOLDINGS INC,CF,US,BBG000BWJFZ4,,Common Stock,Equity,BBG001SJ8KV8,,Common Stock,CF
BBG000BG5BL8,CHARLES RIVER LABORATORIES,CRL,US,BBG000BG5BL8,,Common Stock,Equity,BBG001S7Q271,,Common Stock,CRL
BBG000VPGNR2,CHARTER COMMUNICATIONS INC-A,CHTR,US,BBG000VPGNR2,,Common Stock,Equity,BBG001T3TDG2,,Common Stock,CHTR
BBG000K4ND22,CHEVRON CORP,CVX,US,BBG000K4ND22,,Common Stock,Equity,BBG001S67ZC5,,Common Stock,CVX
BBG000QX74T1,CHIPOTLE MEXICAN GRILL INC,CMG,US,BBG000QX74T1,,Common Stock,Equity,BBG001SP50B3,,Common Stock,CMG
BBG000BR14K5,CHUBB LTD,CB,US,BBG000BR14K5,,Common Stock,Equity,BBG001S8S1L3,,Common Stock,CB
BBG000BFJT36,CHURCH & DWIGHT CO INC,CHD,US,BBG000BFJT36,,Common Stock,Equity,BBG001S5PR99,,Common Stock,CHD
BBG00KXRCDP0,CIGNA CORP,CI,US,BBG00KXRCDP0,,Common Stock,Equity,BBG00KXRCDQ9,,Common Stock,CI
BBG000BFPK65,CINCINNATI FINANCIAL CORP,CINF,US,BBG000BFPK65,,Common Stock,Equity,BBG001S5PTM0,,Common Stock,CINF
BBG000H3YXF8,CINTAS CORP,CTAS,US,BBG000H3YXF8,,Common Stock,Equity,BBG001S7CRG1,,Common Stock,CTAS
BBG000C3J3C9,CISCO SYSTEMS INC,CSCO,US,BBG000C3J3C9,,Common Stock,Equity,BBG001S6HC62,,Common Stock,CSCO
BBG000FY4S11,CITIGROUP INC,C,US,BBG000FY4S11,,Common Stock,Equity,BBG001S72ZG4,,Common Stock,C
BBG006Q0HY77,CITIZENS FINANCIAL GROUP,CFG,US,BBG006Q0HY77,,Common Stock,Equity,BBG006Q0HZT0,,Common Stock,CFG
BBG000FQ6PY6,CITRIX SYSTEMS INC,CTXS,US,BBG000FQ6PY6,,Common Stock,Equity,BBG001S8M834,,Common Stock,CTXS
BBG000BFS7D3,CLOROX COMPANY,CLX,US,BBG000BFS7D3,,Common Stock,Equity,BBG001S5PX50,,Common Stock,CLX
BBG000BHLYP4,CME GROUP INC,CME,US,BBG000BHLYP4,,Common Stock,Equity,BBG001S86547,,Common Stock,CME
BBG000BFVXX0,CMS ENERGY CORP,CMS,US,BBG000BFVXX0,,Common Stock,Equity,BBG001S5PYJ3,,Common Stock,CMS
BBG000BBDV81,COGNIZANT TECH SOLUTIONS-A,CTSH,US,BBG000BBDV81,,Common Stock,Equity,BBG001S5STN6,,Common Stock,CTSH
BBG000BFQYY3,COLGATE-PALMOLIVE CO,CL,US,BBG000BFQYY3,,Common Stock,Equity,BBG001S5PVM5,,Common Stock,CL
BBG000BFT2L4,COMCAST CORP-CLASS A,CMCSA,US,BBG000BFT2L4,,Common Stock,Equity,BBG001S5PXL2,,Common Stock,CMCSA
BBG000C75N77,COMERICA INC,CMA,US,BBG000C75N77,,Common Stock,Equity,BBG001S6PXB1,,Common Stock,CMA
BBG000BDXGP9,CONAGRA BRANDS INC,CAG,US,BBG000BDXGP9,,Common Stock,Equity,BBG001S5PGY5,,Common Stock,CAG
BBG000BQQH30,CONOCOPHILLIPS,COP,US,BBG000BQQH30,,Common Stock,Equity,BBG001S5TZM2,,Common Stock,COP
BBG000BG3445,COOPER COS INC/THE,COO,US,BBG000BG3445,,Common Stock,Equity,BBG001S5Q1H6,,Common Stock,COO
BBG000BM9RH1,COPART INC,CPRT,US,BBG000BM9RH1,,Common Stock,Equity,BBG001S7MTB1,,Common Stock,CPRT
BBG00BN969C1,CORTEVA INC,CTVA,US,BBG00BN969C1,,Common Stock,Equity,BBG00BN969D0,,Common Stock,CTVA
BBG000F6H8W8,COSTCO WHOLESALE CORP,COST,US,BBG000F6H8W8,,Common Stock,Equity,BBG001S9KRQ7,,Common Stock,COST
BBG000C3GN47,COTERRA ENERGY INC,CTRA,US,BBG000C3GN47,,Common Stock,Equity,BBG001S6H6Y4,,Common Stock,CTRA
BBG000FV1Z23,CROWN CASTLE INTL CORP,CCI,US,BBG000FV1Z23,,REIT,Equity,BBG001S7W5T3,,REIT,CCI
BBG000BGJRC8,CSX CORP,CSX,US,BBG000BGJRC8,,Common Stock,Equity,BBG001S5Q7Q3,,Common Stock,CSX
BBG000BGPTV6,CUMMINS INC,CMI,US,BBG000BGPTV6,,Common Stock,Equity,BBG001S5Q9M3,,Common Stock,CMI
BBG000BGRY34,CVS HEALTH CORP,CVS,US,BBG000BGRY34,,Common Stock,Equity,BBG001S5QBD8,,Common Stock,CVS
BBG000BN2DC2,SALESFORCE.COM INC,CRM,US,BBG000BN2DC2,,Common Stock,Equity,BBG001SDLP09,,Common Stock,CRM
BBG000DQTXY6,DR HORTON INC,DHI,US,BBG000DQTXY6,,Common Stock,Equity,BBG001S8M692,,Common Stock,DHI
BBG000BH3JF8,DANAHER CORP,DHR,US,BBG000BH3JF8,,Common Stock,Equity,BBG001S5QGT0,,Common Stock,DHR
BBG000BBNYF6,DARDEN RESTAURANTS INC,DRI,US,BBG000BBNYF6,,Common Stock,Equity,BBG001S5QM08,,Common Stock,DRI
BBG000MQ1SN9,DAVITA INC,DVA,US,BBG000MQ1SN9,,Common Stock,Equity,BBG001SB5DZ0,,Common Stock,DVA
BBG000BH1NH9,DEERE & CO,DE,US,BBG000BH1NH9,,Common Stock,Equity,BBG001S5QFF7,,Common Stock,DE
BBG000R7Z112,DELTA AIR LINES INC,DAL,US,BBG000R7Z112,,Common Stock,Equity,BBG001SPT759,,Common Stock,DAL
BBG000BBVJZ8,DEVON ENERGY CORP,DVN,US,BBG000BBVJZ8,,Common Stock,Equity,BBG001S63VG4,,Common Stock,DVN
BBG000QTF8K1,DEXCOM INC,DXCM,US,BBG000QTF8K1,,Common Stock,Equity,BBG001SKZG99,,Common Stock,DXCM
BBG000Q5ZRM7,DIGITAL REALTY TRUST INC,DLR,US,BBG000Q5ZRM7,,REIT,Equity,BBG001SM0K30,,REIT,DLR
BBG000QBR5J5,DISCOVER FINANCIAL SERVICES,DFS,US,BBG000QBR5J5,,Common Stock,Equity,BBG001SS0KV6,,Common Stock,DFS
BBG000CHWP52,DISCOVERY INC - A,DISCA,US,BBG000CHWP52,,Common Stock,Equity,BBG001SLZ9C9,,Common Stock,DISCA
BBG000VMWHH5,DISCOVERY INC-C,DISCK,US,BBG000VMWHH5,,Common Stock,Equity,BBG001T3GQ86,,Common Stock,DISCK
BBG000C2YHG9,DISH NETWORK CORP-A,DISH,US,BBG000C2YHG9,,Common Stock,Equity,BBG001S7TPQ6,,Common Stock,DISH
BBG000NV1KK7,DOLLAR GENERAL CORP,DG,US,BBG000NV1KK7,,Common Stock,Equity,BBG001T5BM30,,Common Stock,DG
BBG000BSC0K9,DOLLAR TREE INC,DLTR,US,BBG000BSC0K9,,Common Stock,Equity,BBG001S6ZGL6,,Common Stock,DLTR
BBG000BGVW60,DOMINION ENERGY INC,D,US,BBG000BGVW60,,Common Stock,Equity,BBG001S5QCP3,,Common Stock,D
BBG000P458P3,DOMINO'S PIZZA INC,DPZ,US,BBG000P458P3,,Common Stock,Equity,BBG001SL3ZH1,,Common Stock,DPZ
BBG000BHB3M6,DOVER CORP,DOV,US,BBG000BHB3M6,,Common Stock,Equity,BBG001S5QL46,,Common Stock,DOV
BBG00BN96922,DOW INC,DOW,US,BBG00BN96922,,Common Stock,Equity,BBG00BN96931,,Common Stock,DOW
BBG000BB29X4,DTE ENERGY COMPANY,DTE,US,BBG000BB29X4,,Common Stock,Equity,BBG001S5QN88,,Common Stock,DTE
BBG000BHGDH5,DUKE ENERGY CORP,DUK,US,BBG000BHGDH5,,Common Stock,Equity,BBG001S5QNR7,,Common Stock,DUK
BBG000BHD8S7,DUKE REALTY CORP,DRE,US,BBG000BHD8S7,,REIT,Equity,BBG001S5QLT9,,REIT,DRE
BBG00BN961G4,DUPONT DE NEMOURS INC,DD,US,BBG00BN961G4,,Common Stock,Equity,BBG00BN961H3,,Common Stock,DD
BBG00FN64XT9,DXC TECHNOLOGY CO,DXC,US,BBG00FN64XT9,,Common Stock,Equity,BBG00FN64XV6,,Common Stock,DXC
BBG000BN84F3,QUEST DIAGNOSTICS INC,DGX,US,BBG000BN84F3,,Common Stock,Equity,BBG001S9GX43,,Common Stock,DGX
BBG000BH4R78,WALT DISNEY CO/THE,DIS,US,BBG000BH4R78,,Common Stock,Equity,BBG001S5QHF3,,Common Stock,DIS
BBG000BHLYS1,CONSOLIDATED EDISON INC,ED,US,BBG000BHLYS1,,Common Stock,Equity,BBG001S5QRL4,,Common Stock,ED
BBG000BLW530,EASTMAN CHEMICAL CO,EMN,US,BBG000BLW530,,Common Stock,Equity,BBG001S7JNP3,,Common Stock,EMN
BBG000BJ3PD2,EATON CORP PLC,ETN,US,BBG000BJ3PD2,,Common Stock,Equity,BBG001S5QZ45,,Common Stock,ETN
BBG000C43RR5,EBAY INC,EBAY,US,BBG000C43RR5,,Common Stock,Equity,BBG001S9B9J5,,Common Stock,EBAY
BBG000BHKYH4,ECOLAB INC,ECL,US,BBG000BHKYH4,,Common Stock,Equity,BBG001S5QRB5,,Common Stock,ECL
BBG000D7RKJ5,EDISON INTERNATIONAL,EIX,US,BBG000D7RKJ5,,Common Stock,Equity,BBG001S7MY75,,Common Stock,EIX
BBG000BRXP69,EDWARDS LIFESCIENCES CORP,EW,US,BBG000BRXP69,,Common Stock,Equity,BBG001SF2288,,Common Stock,EW
BBG000BP0KQ8,ELECTRONIC ARTS INC,EA,US,BBG000BP0KQ8,,Common Stock,Equity,BBG001S5T5C9,,Common Stock,EA
BBG000BHX7N2,EMERSON ELECTRIC CO,EMR,US,BBG000BHX7N2,,Common Stock,Equity,BBG001S5QVT7,,Common Stock,EMR
BBG001R3MNY9,ENPHASE ENERGY INC,ENPH,US,BBG001R3MNY9,,Common Stock,Equity,BBG001V28NC6,,Common Stock,ENPH
BBG000C1FQS9,ENTERGY CORP,ETR,US,BBG000C1FQS9,,Common Stock,Equity,BBG001S67KF5,,Common Stock,ETR
BBG000BZ9223,EOG RESOURCES INC,EOG,US,BBG000BZ9223,,Common Stock,Equity,BBG001S5ZB93,,Common Stock,EOG
BBG000BHPL78,EQUIFAX INC,EFX,US,BBG000BHPL78,,Common Stock,Equity,BBG001S5QSK3,,Common Stock,EFX
BBG000MBDGM6,EQUINIX INC,EQIX,US,BBG000MBDGM6,,REIT,Equity,BBG001SKBNS9,,REIT,EQIX
BBG000BG8M31,EQUITY RESIDENTIAL,EQR,US,BBG000BG8M31,,REIT,Equity,BBG001S723L9,,REIT,EQR
BBG000CGJMB9,ESSEX PROPERTY TRUST INC,ESS,US,BBG000CGJMB9,,REIT,Equity,BBG001S81418,,REIT,ESS
BBG000FKJRC5,ESTEE LAUDER COMPANIES-CL A,EL,US,BBG000FKJRC5,,Common Stock,Equity,BBG001S8L5H6,,Common Stock,EL
BBG000N7MXL8,ETSY INC,ETSY,US,BBG000N7MXL8,,Common Stock,Equity,BBG001T53625,,Common Stock,ETSY
BBG00H433CR2,EVERGY INC,EVRG,US,BBG00H433CR2,,Common Stock,Equity,BBG00H433CS1,,Common Stock,EVRG
BBG000BQ87N0,EVERSOURCE ENERGY,ES,US,BBG000BQ87N0,,Common Stock,Equity,BBG001S5TRL1,,Common Stock,ES
BBG000J6XT05,EXELON CORP,EXC,US,BBG000J6XT05,,Common Stock,Equity,BBG001SBJMT2,,Common Stock,EXC
BBG000QY3XZ2,EXPEDIA GROUP INC,EXPE,US,BBG000QY3XZ2,,Common Stock,Equity,BBG001SP8VM0,,Common Stock,EXPE
BBG000BJ5GK2,EXPEDITORS INTL WASH INC,EXPD,US,BBG000BJ5GK2,,Common Stock,Equity,BBG001S5QZZ1,,Common Stock,EXPD
BBG000PV27K3,EXTRA SPACE STORAGE INC,EXR,US,BBG000PV27K3,,REIT,Equity,BBG001SLSXK5,,REIT,EXR
BBG002PHSYX9,DIAMONDBACK ENERGY INC,FANG,US,BBG002PHSYX9,,Common Stock,Equity,BBG002PHSZN7,,Common Stock,FANG
BBG000CXYSZ6,F5 INC,FFIV,US,BBG000CXYSZ6,,Common Stock,Equity,BBG001SCP8D1,,Common Stock,FFIV
BBG000MM2P62,META PLATFORMS INC-CLASS A,FB,US,BBG000MM2P62,,Common Stock,Equity,BBG001SQCQC5,,Common Stock,FB
BBG000BJ8YN7,FASTENAL CO,FAST,US,BBG000BJ8YN7,,Common Stock,Equity,BBG001S5R1F7,,Common Stock,FAST
BBG000BJVN28,FEDERAL REALTY INVS TRUST,FRT,US,BBG000BJVN28,,REIT,Equity,BBG001S5RC36,,REIT,FRT
BBG000BJF1Z8,FEDEX CORP,FDX,US,BBG000BJF1Z8,,Common Stock,Equity,BBG001S5R3M5,,Common Stock,FDX
BBG000BK2F42,FIDELITY NATIONAL INFO SERV,FIS,US,BBG000BK2F42,,Common Stock,Equity,BBG001S8SWQ0,,Common Stock,FIS
BBG000BJL3N0,FIFTH THIRD BANCORP,FITB,US,BBG000BJL3N0,,Common Stock,Equity,BBG001S5R6S2,,Common Stock,FITB
BBG000BB6M98,FIRSTENERGY CORP,FE,US,BBG000BB6M98,,Common Stock,Equity,BBG001S5R3N4,,Common Stock,FE
BBG0019LSQ49,FIRST REPUBLIC BANK/CA,FRC,US,BBG0019LSQ49,,Common Stock,Equity,BBG001TG3G38,,Common Stock,FRC
BBG000BJKPG0,FISERV INC,FISV,US,BBG000BJKPG0,,Common Stock,Equity,BBG001S5R6Q4,,Common Stock,FISV
BBG000GPXKX9,FLEETCOR TECHNOLOGIES INC,FLT,US,BBG000GPXKX9,,Common Stock,Equity,BBG001SHC7K8,,Common Stock,FLT
BBG000BJP882,FMC CORP,FMC,US,BBG000BJP882,,Common Stock,Equity,BBG001S5R880,,Common Stock,FMC
BBG000BQPC32,FORD MOTOR CO,F,US,BBG000BQPC32,,Common Stock,Equity,BBG001S5TZ33,,Common Stock,F
BBG000BCMBG4,FORTINET INC,FTNT,US,BBG000BCMBG4,,Common Stock,Equity,BBG001S77BL6,,Common Stock,FTNT
BBG00BLVZ228,FORTIVE CORP,FTV,US,BBG00BLVZ228,,Common Stock,Equity,BBG00BLVZ237,,Common Stock,FTV
BBG001B4BV87,FORTUNE BRANDS HOME & SECURI,FBHS,US,BBG001B4BV87,,Common Stock,Equity,BBG001THLZ70,,Common Stock,FBHS
BBG00JHNJW99,FOX CORP - CLASS A,FOXA,US,BBG00JHNJW99,,Common Stock,Equity,BBG00JHNJX06,,Common Stock,FOXA
BBG00JHNKJY8,FOX CORP - CLASS B,FOX,US,BBG00JHNKJY8,,Common Stock,Equity,BBG00JHNKKR3,,Common Stock,FOX
BBG000BJDB15,FREEPORT-MCMORAN INC,FCX,US,BBG000BJDB15,,Common Stock,Equity,BBG001S5R3F3,,Common Stock,FCX
BBG009S39JX6,ALPHABET INC-CL A,GOOGL,US,BBG009S39JX6,,Common Stock,Equity,BBG009S39JY5,,Common Stock,GOOGL
BBG009S3NB30,ALPHABET INC-CL C,GOOG,US,BBG009S3NB30,,Common Stock,Equity,BBG009S3NB21,,Common Stock,GOOG
BBG000BKFZM4,CORNING INC,GLW,US,BBG000BKFZM4,,Common Stock,Equity,BBG001S5RLH1,,Common Stock,GLW
BBG000BKLH74,GAP INC/THE,GPS,US,BBG000BKLH74,,Common Stock,Equity,BBG001S5RNN0,,Common Stock,GPS
BBG000C4LN67,GARMIN LTD,GRMN,US,BBG000C4LN67,,Common Stock,Equity,BBG001SG0H12,,Common Stock,GRMN
BBG000PQ4W72,GENERAC HOLDINGS INC,GNRC,US,BBG000PQ4W72,,Common Stock,Equity,BBG001T5VGH6,,Common Stock,GNRC
BBG000BK67C7,GENERAL DYNAMICS CORP,GD,US,BBG000BK67C7,,Common Stock,Equity,BBG001S5RHP1,,Common Stock,GD
BBG000BK6MB5,GENERAL ELECTRIC CO,GE,US,BBG000BK6MB5,,Common Stock,Equity,BBG001S5PVD5,,Common Stock,GE
BBG000BKCFC2,GENERAL MILLS INC,GIS,US,BBG000BKCFC2,,Common Stock,Equity,BBG001S5RKR2,,Common Stock,GIS
BBG000NDYB67,GENERAL MOTORS CO,GM,US,BBG000NDYB67,,Common Stock,Equity,BBG001SM1DK6,,Common Stock,GM
BBG000BKL348,GENUINE PARTS CO,GPC,US,BBG000BKL348,,Common Stock,Equity,BBG001S5RNH7,,Common Stock,GPC
BBG000CKGBP2,GILEAD SCIENCES INC,GILD,US,BBG000CKGBP2,,Common Stock,Equity,BBG001S6Y1X7,,Common Stock,GILD
BBG000BVD6X4,GLOBE LIFE INC,GL,US,BBG000BVD6X4,,Common Stock,Equity,BBG001S5WRX4,,Common Stock,GL
BBG000CX0P89,GLOBAL PAYMENTS INC,GPN,US,BBG000CX0P89,,Common Stock,Equity,BBG001SGS2Z8,,Common Stock,GPN
BBG000C6CFJ5,GOLDMAN SACHS GROUP INC,GS,US,BBG000C6CFJ5,,Common Stock,Equity,BBG001SC07Z6,,Common Stock,GS
BBG000BKR1D6,WW GRAINGER INC,GWW,US,BBG000BKR1D6,,Common Stock,Equity,BBG001S5RRD2,,Common Stock,GWW
BBG000BKTFN2,HALLIBURTON CO,HAL,US,BBG000BKTFN2,,Common Stock,Equity,BBG001S5RS59,,Common Stock,HAL
BBG000D2ZTS8,HANESBRANDS INC,HBI,US,BBG000D2ZTS8,,Common Stock,Equity,BBG001SMCKB8,,Common Stock,HBI
BBG000G0Z878,HARTFORD FINANCIAL SVCS GRP,HIG,US,BBG000G0Z878,,Common Stock,Equity,BBG001S8PXF3,,Common Stock,HIG
BBG000BKVJK4,HASBRO INC,HAS,US,BBG000BKVJK4,,Common Stock,Equity,BBG001S5RSQ6,,Common Stock,HAS
BBG000QW7VC1,HCA HEALTHCARE INC,HCA,US,BBG000QW7VC1,,Common Stock,Equity,BBG001T8NTY2,,Common Stock,HCA
BBG000BNMMJ3,HENRY SCHEIN INC,HSIC,US,BBG000BNMMJ3,,Common Stock,Equity,BBG001S6S7F1,,Common Stock,HSIC
BBG000BLHRS2,HERSHEY CO/THE,HSY,US,BBG000BLHRS2,,Common Stock,Equity,BBG001S5S148,,Common Stock,HSY
BBG000BBD070,HESS CORP,HES,US,BBG000BBD070,,Common Stock,Equity,BBG001S5NHS2,,Common Stock,HES
BBG0078W3NQ3,HEWLETT PACKARD ENTERPRISE,HPE,US,BBG0078W3NQ3,,Common Stock,Equity,BBG0078W3NP4,,Common Stock,HPE
BBG0058KMH30,HILTON WORLDWIDE HOLDINGS IN,HLT,US,BBG0058KMH30,,Common Stock,Equity,BBG0058KMH49,,Common Stock,HLT
BBG000C3NTN5,HOLOGIC INC,HOLX,US,BBG000C3NTN5,,Common Stock,Equity,BBG001S6HWB2,,Common Stock,HOLX
BBG000BKZB36,HOME DEPOT INC,HD,US,BBG000BKZB36,,Common Stock,Equity,BBG001S5RTW7,,Common Stock,HD
BBG000H556T9,HONEYWELL INTERNATIONAL INC,HON,US,BBG000H556T9,,Common Stock,Equity,BBG001S5X1N1,,Common Stock,HON
BBG000BLF8D2,HORMEL FOODS CORP,HRL,US,BBG000BLF8D2,,Common Stock,Equity,BBG001S5S0D0,,Common Stock,HRL
BBG000BL8804,HOST HOTELS & RESORTS INC,HST,US,BBG000BL8804,,REIT,Equity,BBG001S5RY83,,REIT,HST
BBG00DYNJGH9,HOWMET AEROSPACE INC,HWM,US,BBG00DYNJGH9,,Common Stock,Equity,BBG00DYNJH69,,Common Stock,HWM
BBG000KHWT55,HP INC,HPQ,US,BBG000KHWT55,,Common Stock,Equity,BBG001S6W7N7,,Common Stock,HPQ
BBG000BLKK03,HUMANA INC,HUM,US,BBG000BLKK03,,Common Stock,Equity,BBG001S5S1X6,,Common Stock,HUM
BBG000BKWSR6,HUNTINGTON BANCSHARES INC,HBAN,US,BBG000BKWSR6,,Common Stock,Equity,BBG001S5RSZ6,,Common Stock,HBAN
BBG001KJ2HM9,HUNTINGTON INGALLS INDUSTRIE,HII,US,BBG001KJ2HM9,,Common Stock,Equity,BBG001V0PDL3,,Common Stock,HII
BBG000BB65D0,GARTNER INC,IT,US,BBG000BB65D0,,Common Stock,Equity,BBG001S5SD60,,Common Stock,IT
BBG000C1HN22,IDEX CORP,IEX,US,BBG000C1HN22,,Common Stock,Equity,BBG001S67N14,,Common Stock,IEX
BBG000BLRT07,IDEXX LABORATORIES INC,IDXX,US,BBG000BLRT07,,Common Stock,Equity,BBG001S5S4Y9,,Common Stock,IDXX
BBG006G063F9,IHS MARKIT LTD,INFO,US,BBG006G063F9,,Common Stock,Equity,BBG006G063G8,,Common Stock,INFO
BBG000BMBL90,ILLINOIS TOOL WORKS,ITW,US,BBG000BMBL90,,Common Stock,Equity,BBG001S5SDX0,,Common Stock,ITW
BBG000DSMS70,ILLUMINA INC,ILMN,US,BBG000DSMS70,,Common Stock,Equity,BBG001SF4NY1,,Common Stock,ILMN
BBG000BNPSQ9,INCYTE CORP,INCY,US,BBG000BNPSQ9,,Common Stock,Equity,BBG001S8Q6N2,,Common Stock,INCY
BBG002R1CW27,INGERSOLL-RAND INC,IR,US,BBG002R1CW27,,Common Stock,Equity,BBG002R1CW36,,Common Stock,IR
BBG000C0G1D1,INTEL CORP,INTC,US,BBG000C0G1D1,,Common Stock,Equity,BBG001S5SF65,,Common Stock,INTC
BBG000C1FB75,INTERCONTINENTAL EXCHANGE IN,ICE,US,BBG000C1FB75,,Common Stock,Equity,BBG001SDJ4R0,,Common Stock,ICE
BBG000BLNNH6,INTL BUSINESS MACHINES CORP,IBM,US,BBG000BLNNH6,,Common Stock,Equity,BBG001S5S399,,Common Stock,IBM
BBG000BM5SR2,INTERNATIONAL PAPER CO,IP,US,BBG000BM5SR2,,Common Stock,Equity,BBG001S5SBF4,,Common Stock,IP
BBG000C90DH9,INTERPUBLIC GROUP OF COS INC,IPG,US,BBG000C90DH9,,Common Stock,Equity,BBG001S6RLK5,,Common Stock,IPG
BBG000BLSL58,INTL FLAVORS & FRAGRANCES,IFF,US,BBG000BLSL58,,Common Stock,Equity,BBG001S5S5F7,,Common Stock,IFF
BBG000BH5DV1,INTUIT INC,INTU,US,BBG000BH5DV1,,Common Stock,Equity,BBG001S6TWR2,,Common Stock,INTU
BBG000BJPDZ1,INTUITIVE SURGICAL INC,ISRG,US,BBG000BJPDZ1,,Common Stock,Equity,BBG001S7XR78,,Common Stock,ISRG
BBG000BY2Y78,INVESCO LTD,IVZ,US,BBG000BY2Y78,,Common Stock,Equity,BBG001S9RD81,,Common Stock,IVZ
BBG000DCGRL8,IPG PHOTONICS CORP,IPGP,US,BBG000DCGRL8,,Common Stock,Equity,BBG001SG95B8,,Common Stock,IPGP
BBG00333FYS2,IQVIA HOLDINGS INC,IQV,US,BBG00333FYS2,,Common Stock,Equity,BBG00333FZ54,,Common Stock,IQV
BBG000KCZPC3,IRON MOUNTAIN INC,IRM,US,BBG000KCZPC3,,REIT,Equity,BBG001SCQ2X1,,REIT,IRM
BBG000BMH2Q7,JACK HENRY & ASSOCIATES INC,JKHY,US,BBG000BMH2Q7,,Common Stock,Equity,BBG001S5SHB5,,Common Stock,JKHY
BBG000BMFFQ0,JACOBS ENGINEERING GROUP INC,J,US,BBG000BMFFQ0,,Common Stock,Equity,BBG001S5SGC6,,Common Stock,J
BBG000BMDBZ1,HUNT (JB) TRANSPRT SVCS INC,JBHT,US,BBG000BMDBZ1,,Common Stock,Equity,BBG001S5SFY4,,Common Stock,JBHT
BBG000BMHYD1,JOHNSON & JOHNSON,JNJ,US,BBG000BMHYD1,,Common Stock,Equity,BBG001S5SHQ9,,Common Stock,JNJ
BBG000BVWLJ6,JOHNSON CONTROLS INTERNATION,JCI,US,BBG000BVWLJ6,,Common Stock,Equity,BBG001S5WZ84,,Common Stock,JCI
BBG000DMBXR2,JPMORGAN CHASE & CO,JPM,US,BBG000DMBXR2,,Common Stock,Equity,BBG001S8CRC3,,Common Stock,JPM
BBG000BY33P5,JUNIPER NETWORKS INC,JNPR,US,BBG000BY33P5,,Common Stock,Equity,BBG001SCTT05,,Common Stock,JNPR
BBG000BLMZK6,CARMAX INC,KMX,US,BBG000BLMZK6,,Common Stock,Equity,BBG001SD9561,,Common Stock,KMX
BBG000BMX289,COCA-COLA CO/THE,KO,US,BBG000BMX289,,Common Stock,Equity,BBG001S5SMQ8,,Common Stock,KO
BBG000BMZ7P7,KANSAS CITY SOUTHERN,KSU,US,BBG000BMZ7P7,,Common Stock,Equity,BBG001S5SNG7,,Common Stock,KSU
BBG000BMKDM3,KELLOGG CO,K,US,BBG000BMKDM3,,Common Stock,Equity,BBG001S5SJL0,,Common Stock,K
BBG000BMQPL1,KEYCORP,KEY,US,BBG000BMQPL1,,Common Stock,Equity,BBG001S5SKV6,,Common Stock,KEY
BBG0059FN811,KEYSIGHT TECHNOLOGIES IN,KEYS,US,BBG0059FN811,,Common Stock,Equity,BBG0059FN820,,Common Stock,KEYS
BBG000BMW2Z0,KIMBERLY-CLARK CORP,KMB,US,BBG000BMW2Z0,,Common Stock,Equity,BBG001S5SLZ0,,Common Stock,KMB
BBG000CN3S73,KIMCO REALTY CORP,KIM,US,BBG000CN3S73,,REIT,Equity,BBG001S70279,,REIT,KIM
BBG0019JZ882,KINDER MORGAN INC,KMI,US,BBG0019JZ882,,Common Stock,Equity,BBG001TG2YZ5,,Common Stock,KMI
BBG000BMTFR4,KLA CORP,KLAC,US,BBG000BMTFR4,,Common Stock,Equity,BBG001S5SLM4,,Common Stock,KLAC
BBG005CPNTQ2,KRAFT HEINZ CO/THE,KHC,US,BBG005CPNTQ2,,Common Stock,Equity,BBG005CPNTR1,,Common Stock,KHC
BBG000BMY992,KROGER CO,KR,US,BBG000BMY992,,Common Stock,Equity,BBG001S5SN40,,Common Stock,KR
BBG000DW4Q75,ALLIANT ENERGY CORP,LNT,US,BBG000DW4Q75,,Common Stock,Equity,BBG001S8ZQ30,,Common Stock,LNT
BBG000BLGFJ9,L3HARRIS TECHNOLOGIES INC,LHX,US,BBG000BLGFJ9,,Common Stock,Equity,BBG001S5S0N9,,Common Stock,LHX
BBG000D9DMK0,LABORATORY CRP OF AMER HLDGS,LH,US,BBG000D9DMK0,,Common Stock,Equity,BBG001S7RX54,,Common Stock,LH
BBG000BNFLM9,LAM RESEARCH CORP,LRCX,US,BBG000BNFLM9,,Common Stock,Equity,BBG001S5SW40,,Common Stock,LRCX
BBG003CVMLQ2,LAMB WESTON HOLDINGS INC,LW,US,BBG003CVMLQ2,,Common Stock,Equity,BBG003CVMLR1,,Common Stock,LW
BBG000JWD753,LAS VEGAS SANDS CORP,LVS,US,BBG000JWD753,,Common Stock,Equity,BBG001SJCGP9,,Common Stock,LVS
BBG000BN53G7,LEGGETT & PLATT INC,LEG,US,BBG000BN53G7,,Common Stock,Equity,BBG001S5SRG8,,Common Stock,LEG
BBG000C23PB0,LEIDOS HOLDINGS INC,LDOS,US,BBG000C23PB0,,Common Stock,Equity,BBG001SKW6M9,,Common Stock,LDOS
BBG000BN5HF7,LENNAR CORP-A,LEN,US,BBG000BN5HF7,,Common Stock,Equity,BBG001S5SRK3,,Common Stock,LEN
BBG000BNBDC2,ELI LILLY & CO,LLY,US,BBG000BNBDC2,,Common Stock,Equity,BBG001S5STL8,,Common Stock,LLY
BBG000BNC3Y9,LINCOLN NATIONAL CORP,LNC,US,BBG000BNC3Y9,,Common Stock,Equity,BBG001S5STV7,,Common Stock,LNC
BBG00GVR8YQ9,LINDE PLC,LIN,US,BBG00GVR8YQ9,,Common Stock,Equity,BBG00GVR8YR8,,Common Stock,LIN
BBG000FQ7YR4,LIVE NATION ENTERTAINMENT IN,LYV,US,BBG000FQ7YR4,,Common Stock,Equity,BBG001SNP2B2,,Common Stock,LYV
BBG000PXDL44,LKQ CORP,LKQ,US,BBG000PXDL44,,Common Stock,Equity,BBG001SCCPJ1,,Common Stock,LKQ
BBG000C1BW00,LOCKHEED MARTIN CORP,LMT,US,BBG000C1BW00,,Common Stock,Equity,BBG001S7PS57,,Common Stock,LMT
BBG000C45984,LOEWS CORP,L,US,BBG000C45984,,Common Stock,Equity,BBG001S6KQC0,,Common Stock,L
BBG000BNDN65,LOWE'S COS INC,LOW,US,BBG000BNDN65,,Common Stock,Equity,BBG001S5SVL3,,Common Stock,LOW
BBG000BGLRN3,LUMEN TECHNOLOGIES INC,LUMN,US,BBG000BGLRN3,,Common Stock,Equity,BBG001S5Q8G2,,Common Stock,LUMN
BBG000WCFV84,LYONDELLBASELL INDU-CL A,LYB,US,BBG000WCFV84,,Common Stock,Equity,BBG001T8LMY9,,Common Stock,LYB
BBG000BNJHS8,SOUTHWEST AIRLINES CO,LUV,US,BBG000BNJHS8,,Common Stock,Equity,BBG001S5SXC9,,Common Stock,LUV
BBG000BP52R2,3M CO,MMM,US,BBG000BP52R2,,Common Stock,Equity,BBG001S5T7X2,,Common Stock,MMM
BBG000BP6LJ8,ALTRIA GROUP INC,MO,US,BBG000BP6LJ8,,Common Stock,Equity,BBG001S5T8T5,,Common Stock,MO
BBG000D9KWL9,M & T BANK CORP,MTB,US,BBG000D9KWL9,,Common Stock,Equity,BBG001S7S2B4,,Common Stock,MTB
BBG000C8H633,MARATHON OIL CORP,MRO,US,BBG000C8H633,,Common Stock,Equity,BBG001S69V69,,Common Stock,MRO
BBG001DCCGR8,MARATHON PETROLEUM CORP,MPC,US,BBG001DCCGR8,,Common Stock,Equity,BBG001S169P1,,Common Stock,MPC
BBG000BJBZ23,MARKETAXESS HOLDINGS INC,MKTX,US,BBG000BJBZ23,,Common Stock,Equity,BBG001S8R6K4,,Common Stock,MKTX
BBG000BGD7W6,MARRIOTT INTERNATIONAL -CL A,MAR,US,BBG000BGD7W6,,Common Stock,Equity,BBG001S78K44,,Common Stock,MAR
BBG000BP4MH0,MARSH & MCLENNAN COS,MMC,US,BBG000BP4MH0,,Common Stock,Equity,BBG001S5T7M4,,Common Stock,MMC
BBG000BGYMH7,MARTIN MARIETTA MATERIALS,MLM,US,BBG000BGYMH7,,Common Stock,Equity,BBG001S7QC51,,Common Stock,MLM
BBG000BNNKG9,MASCO CORP,MAS,US,BBG000BNNKG9,,Common Stock,Equity,BBG001S5SZ70,,Common Stock,MAS
BBG000F1ZSQ2,MASTERCARD INC - A,MA,US,BBG000F1ZSQ2,,Common Stock,Equity,BBG001SKNNS6,,Common Stock,MA
BBG00VT0KNC3,MATCH GROUP INC,MTCH,US,BBG00VT0KNC3,,Common Stock,Equity,BBG00VT0KP47,,Common Stock,MTCH
BBG000G6Y5W4,MCCORMICK & CO-NON VTG SHRS,MKC,US,BBG000G6Y5W4,,Common Stock,Equity,BBG001S79S19,,Common Stock,MKC
BBG000BNSZP1,MCDONALD'S CORP,MCD,US,BBG000BNSZP1,,Common Stock,Equity,BBG001S5T110,,Common Stock,MCD
BBG000DYGNW7,MCKESSON CORP,MCK,US,BBG000DYGNW7,,Common Stock,Equity,BBG001S8F8P8,,Common Stock,MCK
BBG000BNWG87,MEDTRONIC PLC,MDT,US,BBG000BNWG87,,Common Stock,Equity,BBG001S5T2S9,,Common Stock,MDT
BBG000BPD168,MERCK & CO. INC.,MRK,US,BBG000BPD168,,Common Stock,Equity,BBG001S5TC52,,Common Stock,MRK
BBG000BB6KF5,METLIFE INC,MET,US,BBG000BB6KF5,,Common Stock,Equity,BBG001S5T3R8,,Common Stock,MET
BBG000BZCKH3,METTLER-TOLEDO INTERNATIONAL,MTD,US,BBG000BZCKH3,,Common Stock,Equity,BBG001SB87G1,,Common Stock,MTD
BBG000C2BXK4,MGM RESORTS INTERNATIONAL,MGM,US,BBG000C2BXK4,,Common Stock,Equity,BBG001S6BYT5,,Common Stock,MGM
BBG000BHCP19,MICROCHIP TECHNOLOGY INC,MCHP,US,BBG000BHCP19,,Common Stock,Equity,BBG001S787B5,,Common Stock,MCHP
BBG000C5Z1S3,MICRON TECHNOLOGY INC,MU,US,BBG000C5Z1S3,,Common Stock,Equity,BBG001S6P675,,Common Stock,MU
BBG000BPH459,MICROSOFT CORP,MSFT,US,BBG000BPH459,,Common Stock,Equity,BBG001S5TD05,,Common Stock,MSFT
BBG000BLMY92,MID-AMERICA APARTMENT COMM,MAA,US,BBG000BLMY92,,REIT,Equity,BBG001S7HZ69,,REIT,MAA
BBG003PHHZT1,MODERNA INC,MRNA,US,BBG003PHHZT1,,Common Stock,Equity,BBG003PHHZV8,,Common Stock,MRNA
BBG000FLZN98,MOHAWK INDUSTRIES INC,MHK,US,BBG000FLZN98,,Common Stock,Equity,BBG001SBGSZ5,,Common Stock,MHK
BBG000D4LWF6,MONDELEZ INTERNATIONAL INC-A,MDLZ,US,BBG000D4LWF6,,Common Stock,Equity,BBG001SHHZJ3,,Common Stock,MDLZ
BBG000C30L48,MONOLITHIC POWER SYSTEMS INC,MPWR,US,BBG000C30L48,,Common Stock,Equity,BBG001SDRGP6,,Common Stock,MPWR
BBG008NVB1C0,MONSTER BEVERAGE CORP,MNST,US,BBG008NVB1C0,,Common Stock,Equity,BBG008NVB1F7,,Common Stock,MNST
BBG000F86GP6,MOODY'S CORP,MCO,US,BBG000F86GP6,,Common Stock,Equity,BBG001S5VP87,,Common Stock,MCO
BBG000BLZRJ2,MORGAN STANLEY,MS,US,BBG000BLZRJ2,,Common Stock,Equity,BBG001S9V5Z3,,Common Stock,MS
BBG000BFXHL6,MOSAIC CO/THE,MOS,US,BBG000BFXHL6,,Common Stock,Equity,BBG001S7LJN1,,Common Stock,MOS
BBG000BP8Z50,MOTOROLA SOLUTIONS INC,MSI,US,BBG000BP8Z50,,Common Stock,Equity,BBG001S5T9L1,,Common Stock,MSI
BBG000RTDY25,MSCI INC,MSCI,US,BBG000RTDY25,,Common Stock,Equity,BBG001SV8B05,,Common Stock,MSCI
BBG000F5VVB6,NASDAQ INC,NDAQ,US,BBG000F5VVB6,,Common Stock,Equity,BBG001SKTBJ6,,Common Stock,NDAQ
BBG000FP1N32,NETAPP INC,NTAP,US,BBG000FP1N32,,Common Stock,Equity,BBG001S8LYX5,,Common Stock,NTAP
BBG000CL9VN6,NETFLIX INC,NFLX,US,BBG000CL9VN6,,Common Stock,Equity,BBG001SF6L46,,Common Stock,NFLX
BBG000BQC9V2,NEWELL BRANDS INC,NWL,US,BBG000BQC9V2,,Common Stock,Equity,BBG001S5TSW7,,Common Stock,NWL
BBG000BPWXK1,NEWMONT CORP,NEM,US,BBG000BPWXK1,,Common Stock,Equity,BBG001S5TKX3,,Common Stock,NEM
BBG0035LY913,NEWS CORP - CLASS A,NWSA,US,BBG0035LY913,,Common Stock,Equity,BBG0035LY922,,Common Stock,NWSA
BBG0035M2ZB7,NEWS CORP - CLASS B,NWS,US,BBG0035M2ZB7,,Common Stock,Equity,BBG0035M2ZC6,,Common Stock,NWS
BBG000BJSBJ0,NEXTERA ENERGY INC,NEE,US,BBG000BJSBJ0,,Common Stock,Equity,BBG001S5RB29,,Common Stock,NEE
BBG0088CYPX8,NIELSEN HOLDINGS PLC,NLSN,US,BBG0088CYPX8,,Common Stock,Equity,BBG0088CYPY7,,Common Stock,NLSN
BBG000C5HS04,NIKE INC -CL B,NKE,US,BBG000C5HS04,,Common Stock,Equity,BBG001S6NTK2,,Common Stock,NKE
BBG000BPZBB6,NISOURCE INC,NI,US,BBG000BPZBB6,,Common Stock,Equity,BBG001S5TMF9,,Common Stock,NI
BBG000BQ5DS5,NORFOLK SOUTHERN CORP,NSC,US,BBG000BQ5DS5,,Common Stock,Equity,BBG001S5TQJ6,,Common Stock,NSC
BBG000BQ74K1,NORTHERN TRUST CORP,NTRS,US,BBG000BQ74K1,,Common Stock,Equity,BBG001S5TRG7,,Common Stock,NTRS
BBG000BQ2C28,NORTHROP GRUMMAN CORP,NOC,US,BBG000BQ2C28,,Common Stock,Equity,BBG001S5TP26,,Common Stock,NOC
BBG000BH2JM1,NORTONLIFELOCK INC,NLOK,US,BBG000BH2JM1,,Common Stock,Equity,BBG001S5QG38,,Common Stock,NLOK
BBG000BSRN78,NORWEGIAN CRUISE LINE HOLDIN,NCLH,US,BBG000BSRN78,,Common Stock,Equity,BBG001SCKPS2,,Common Stock,NCLH
BBG000D8RG11,NRG ENERGY INC,NRG,US,BBG000D8RG11,,Common Stock,Equity,BBG001SDD8F0,,Common Stock,NRG
BBG000BQ8KV2,NUCOR CORP,NUE,US,BBG000BQ8KV2,,Common Stock,Equity,BBG001S5TRV0,,Common Stock,NUE
BBG000BBJQV0,NVIDIA CORP,NVDA,US,BBG000BBJQV0,,Common Stock,Equity,BBG001S5TZJ6,,Common Stock,NVDA
BBG000BQBYR3,NVR INC,NVR,US,BBG000BQBYR3,,Common Stock,Equity,BBG001S5TSM8,,Common Stock,NVR
BBG000BND699,NXP SEMICONDUCTORS NV,NXPI,US,BBG000BND699,,Common Stock,Equity,BBG001SF62F6,,Common Stock,NXPI
BBG000M1R011,SERVICENOW INC,NOW,US,BBG000M1R011,,Common Stock,Equity,BBG001T4JFC0,,Common Stock,NOW
BBG000BGYWY6,O'REILLY AUTOMOTIVE INC,ORLY,US,BBG000BGYWY6,,Common Stock,Equity,BBG001S78TL6,,Common Stock,ORLY
BBG000BQQ2S6,OCCIDENTAL PETROLEUM CORP,OXY,US,BBG000BQQ2S6,,Common Stock,Equity,BBG001S5TZG9,,Common Stock,OXY
BBG000CHSS88,OLD DOMINION FREIGHT LINE,ODFL,US,BBG000CHSS88,,Common Stock,Equity,BBG001S6WQT9,,Common Stock,ODFL
BBG000BS9489,OMNICOM GROUP,OMC,US,BBG000BS9489,,Common Stock,Equity,BBG001S5VR10,,Common Stock,OMC
BBG000BQHGR6,ONEOK INC,OKE,US,BBG000BQHGR6,,Common Stock,Equity,BBG001S5TWK1,,Common Stock,OKE
BBG000BQLTW7,ORACLE CORP,ORCL,US,BBG000BQLTW7,,Common Stock,Equity,BBG001S5SJG6,,Common Stock,ORCL
BBG000FJW3G2,MERRILL LYNCH & CO-STRAT RET,OGN,US,BBG000FJW3G2,,Misc.,Equity,BBG001SB94K2,,Equity,OGN
BBG00RP60KV0,OTIS WORLDWIDE CORP,OTIS,US,BBG00RP60KV0,,Common Stock,Equity,BBG00RP60LN7,,Common Stock,OTIS
BBG000DHPN63,REALTY INCOME CORP,O,US,BBG000DHPN63,,REIT,Equity,BBG001S884K0,,REIT,O
BBG000BKYDP9,HEALTHPEAK PROPERTIES INC,PEAK,US,BBG000BKYDP9,,REIT,Equity,BBG001S5RTS2,,REIT,PEAK
BBG000BQVTF5,PACCAR INC,PCAR,US,BBG000BQVTF5,,Common Stock,Equity,BBG001S5V1S8,,Common Stock,PCAR
BBG000BB8SW7,PACKAGING CORP OF AMERICA,PKG,US,BBG000BB8SW7,,Common Stock,Equity,BBG001S5V741,,Common Stock,PKG
BBG000BR3KL6,PARKER HANNIFIN CORP,PH,US,BBG000BR3KL6,,Common Stock,Equity,BBG001S5V554,,Common Stock,PH
BBG000BQSQ38,PAYCHEX INC,PAYX,US,BBG000BQSQ38,,Common Stock,Equity,BBG001S5V135,,Common Stock,PAYX
BBG0064N0ZZ5,PAYCOM SOFTWARE INC,PAYC,US,BBG0064N0ZZ5,,Common Stock,Equity,BBG0064N1009,,Common Stock,PAYC
BBG0077VNXV6,PAYPAL HOLDINGS INC,PYPL,US,BBG0077VNXV6,,Common Stock,Equity,BBG0077VNXW5,,Common Stock,PYPL
BBG000CDZLV8,PENN NATIONAL GAMING INC,PENN,US,BBG000CDZLV8,,Common Stock,Equity,BBG001S80PY6,,Common Stock,PENN
BBG000C221G9,PENTAIR PLC,PNR,US,BBG000C221G9,,Common Stock,Equity,BBG001S69VB3,,Common Stock,PNR
BBG000BQT4L6,PEOPLE'S UNITED FINANCIAL,PBCT,US,BBG000BQT4L6,,Common Stock,Equity,BBG001S5V144,,Common Stock,PBCT
BBG000DH7JK6,PEPSICO INC,PEP,US,BBG000DH7JK6,,Common Stock,Equity,BBG001S695T1,,Common Stock,PEP
BBG000FXW512,PERKINELMER INC,PKI,US,BBG000FXW512,,Common Stock,Equity,BBG001SBKS35,,Common Stock,PKI
BBG000BR2B91,PFIZER INC,PFE,US,BBG000BR2B91,,Common Stock,Equity,BBG001S5V466,,Common Stock,PFE
BBG000J2XL74,PHILIP MORRIS INTERNATIONAL,PM,US,BBG000J2XL74,,Common Stock,Equity,BBG001STP9N1,,Common Stock,PM
BBG00286S4N9,PHILLIPS 66,PSX,US,BBG00286S4N9,,Common Stock,Equity,BBG00286S4P7,,Common Stock,PSX
BBG000BRDSX5,PINNACLE WEST CAPITAL,PNW,US,BBG000BRDSX5,,Common Stock,Equity,BBG001S5VB15,,Common Stock,PNW
BBG000BXRPH1,PIONEER NATURAL RESOURCES CO,PXD,US,BBG000BXRPH1,,Common Stock,Equity,BBG001S7V1J4,,Common Stock,PXD
BBG000BRD0D8,PNC FINANCIAL SERVICES GROUP,PNC,US,BBG000BRD0D8,,Common Stock,Equity,BBG001S5V947,,Common Stock,PNC
BBG000BCVG28,POOL CORP,POOL,US,BBG000BCVG28,,Common Stock,Equity,BBG001S5VBK4,,Common Stock,POOL
BBG000BRJ809,PPG INDUSTRIES INC,PPG,US,BBG000BRJ809,,Common Stock,Equity,BBG001S5VC13,,Common Stock,PPG
BBG000BRJL00,PPL CORP,PPL,US,BBG000BRJL00,,Common Stock,Equity,BBG001S5VC31,,Common Stock,PPL
BBG000NSCNT7,PRINCIPAL FINANCIAL GROUP,PFG,US,BBG000NSCNT7,,Common Stock,Equity,BBG001SD3148,,Common Stock,PFG
BBG000BR2TH3,PROCTER & GAMBLE CO/THE,PG,US,BBG000BR2TH3,,Common Stock,Equity,BBG001S5V4L9,,Common Stock,PG
BBG000BR37X2,PROGRESSIVE CORP,PGR,US,BBG000BR37X2,,Common Stock,Equity,BBG001S5V509,,Common Stock,PGR
BBG000B9Z0J8,PROLOGIS INC,PLD,US,BBG000B9Z0J8,,REIT,Equity,BBG001S5NMN6,,REIT,PLD
BBG000HCJMF9,PRUDENTIAL FINANCIAL INC,PRU,US,BBG000HCJMF9,,Common Stock,Equity,BBG001S97MM7,,Common Stock,PRU
BBG000C2VBB0,PTC INC,PTC,US,BBG000C2VBB0,,Common Stock,Equity,BBG001S6DNK6,,Common Stock,PTC
BBG000BQZMH4,PUBLIC SERVICE ENTERPRISE GP,PEG,US,BBG000BQZMH4,,Common Stock,Equity,BBG001S5V3C1,,Common Stock,PEG
BBG000BPPN67,PUBLIC STORAGE,PSA,US,BBG000BPPN67,,REIT,Equity,BBG001S5TH79,,REIT,PSA
BBG000BR54L0,PULTEGROUP INC,PHM,US,BBG000BR54L0,,Common Stock,Equity,BBG001S5V5K7,,Common Stock,PHM
BBG000BRRG02,PVH CORP,PVH,US,BBG000BRRG02,,Common Stock,Equity,BBG001S5VGY8,,Common Stock,PVH
BBG000BBL8V7,QUANTA SERVICES INC,PWR,US,BBG000BBL8V7,,Common Stock,Equity,BBG001S5VH85,,Common Stock,PWR
BBG007TJF1N7,QORVO INC,QRVO,US,BBG007TJF1N7,,Common Stock,Equity,BBG007TJF1P5,,Common Stock,QRVO
BBG000CGC1X8,QUALCOMM INC,QCOM,US,BBG000CGC1X8,,Common Stock,Equity,BBG001S6VS70,,Common Stock,QCOM
BBG000C1XVK6,EVEREST RE GROUP LTD,RE,US,BBG000C1XVK6,,Common Stock,Equity,BBG001S7QT63,,Common Stock,RE
BBG000BS0ZF1,RALPH LAUREN CORP,RL,US,BBG000BS0ZF1,,Common Stock,Equity,BBG001S9TL45,,Common Stock,RL
BBG000BS73J1,RAYMOND JAMES FINANCIAL INC,RJF,US,BBG000BS73J1,,Common Stock,Equity,BBG001S5VQ03,,Common Stock,RJF
BBG000BW8S60,RAYTHEON TECHNOLOGIES CORP,RTX,US,BBG000BW8S60,,Common Stock,Equity,BBG001S5X5Q9,,Common Stock,RTX
BBG000BL46Q4,REGENCY CENTERS CORP,REG,US,BBG000BL46Q4,,REIT,Equity,BBG001S7H752,,REIT,REG
BBG000C734W3,REGENERON PHARMACEUTICALS,REGN,US,BBG000C734W3,,Common Stock,Equity,BBG001S6PX49,,Common Stock,REGN
BBG000Q3JN03,REGIONS FINANCIAL CORP,RF,US,BBG000Q3JN03,,Common Stock,Equity,BBG001SM4KY2,,Common Stock,RF
BBG000BPXVJ6,REPUBLIC SERVICES INC,RSG,US,BBG000BPXVJ6,,Common Stock,Equity,BBG001S9DL33,,Common Stock,RSG
BBG000L4M7F1,RESMED INC,RMD,US,BBG000L4M7F1,,Common Stock,Equity,BBG001SBGRC2,,Common Stock,RMD
BBG000BS5DR2,ROBERT HALF INTL INC,RHI,US,BBG000BS5DR2,,Common Stock,Equity,BBG001S5VP41,,Common Stock,RHI
BBG000BBCDZ2,ROCKWELL AUTOMATION INC,ROK,US,BBG000BBCDZ2,,Common Stock,Equity,BBG001S5VRF5,,Common Stock,ROK
BBG000BSBBP1,ROLLINS INC,ROL,US,BBG000BSBBP1,,Common Stock,Equity,BBG001S5VRG4,,Common Stock,ROL
BBG000F1ZSN5,ROPER TECHNOLOGIES INC,ROP,US,BBG000F1ZSN5,,Common Stock,Equity,BBG001S9B362,,Common Stock,ROP
BBG000BSBZH7,ROSS STORES INC,ROST,US,BBG000BSBZH7,,Common Stock,Equity,BBG001S5VRS1,,Common Stock,ROST
BBG000BB5792,ROYAL CARIBBEAN CRUISES LTD,RCL,US,BBG000BB5792,,Common Stock,Equity,BBG001S5RMJ7,,Common Stock,RCL
BBG000BSLZY7,SCHWAB (CHARLES) CORP,SCHW,US,BBG000BSLZY7,,Common Stock,Equity,BBG001S5VXD4,,Common Stock,SCHW
BBG000J1QLT0,CONSTELLATION BRANDS INC-A,STZ,US,BBG000J1QLT0,,Common Stock,Equity,BBG001SD31G5,,Common Stock,STZ
BBG000BT1715,JM SMUCKER CO/THE,SJM,US,BBG000BT1715,,Common Stock,Equity,BBG001S5W3H5,,Common Stock,SJM
BBG000BP1Q11,S&P GLOBAL INC,SPGI,US,BBG000BP1Q11,,Common Stock,Equity,BBG001S5T5M8,,Common Stock,SPGI
BBG000D2M0Z7,SBA COMMUNICATIONS CORP,SBAC,US,BBG000D2M0Z7,,REIT,Equity,BBG001SCWNN9,,REIT,SBAC
BBG000BT41Q8,SCHLUMBERGER LTD,SLB,US,BBG000BT41Q8,,Common Stock,Equity,BBG001S5W4C8,,Common Stock,SLB
BBG000F0KF42,SEAGATE TECHNOLOGY,STX,US,BBG000F0KF42,,Common Stock,Equity,BBG001SJ6570,,Common Stock,STX
BBG000C22QV7,SEALED AIR CORP,SEE,US,BBG000C22QV7,,Common Stock,Equity,BBG001SBSZ95,,Common Stock,SEE
BBG000C2ZCH8,SEMPRA ENERGY,SRE,US,BBG000C2ZCH8,,Common Stock,Equity,BBG001SBVZ73,,Common Stock,SRE
BBG000BSXQV7,SHERWIN-WILLIAMS CO/THE,SHW,US,BBG000BSXQV7,,Common Stock,Equity,BBG001S5W2F9,,Common Stock,SHW
BBG000BJ2D31,SIMON PROPERTY GROUP INC,SPG,US,BBG000BJ2D31,,REIT,Equity,BBG001S77WM9,,REIT,SPG
BBG000KLB4Q1,SKYWORKS SOLUTIONS INC,SWKS,US,BBG000KLB4Q1,,Common Stock,Equity,BBG001SCYWS2,,Common Stock,SWKS
BBG000BT7JW9,SNAP-ON INC,SNA,US,BBG000BT7JW9,,Common Stock,Equity,BBG001S5W688,,Common Stock,SNA
BBG000BT9DW0,SOUTHERN CO/THE,SO,US,BBG000BT9DW0,,Common Stock,Equity,BBG001S5W777,,Common Stock,SO
BBG000BTQR96,STANLEY BLACK & DECKER INC,SWK,US,BBG000BTQR96,,Common Stock,Equity,BBG001S5WHT1,,Common Stock,SWK
BBG000CTQBF3,STARBUCKS CORP,SBUX,US,BBG000CTQBF3,,Common Stock,Equity,BBG001S72KH6,,Common Stock,SBUX
BBG000BKFBD7,STATE STREET CORP,STT,US,BBG000BKFBD7,,Common Stock,Equity,BBG001S5RLD5,,Common Stock,STT
BBG00MRHG523,STERIS PLC,STE,US,BBG00MRHG523,,Common Stock,Equity,BBG00MRHG532,,Common Stock,STE
BBG000DN7P92,STRYKER CORP,SYK,US,BBG000DN7P92,,Common Stock,Equity,BBG001S8FR03,,Common Stock,SYK
BBG000BT0CM2,SVB FINANCIAL GROUP,SIVB,US,BBG000BT0CM2,,Common Stock,Equity,BBG001S5W3B1,,Common Stock,SIVB
BBG00658F3P3,SYNCHRONY FINANCIAL,SYF,US,BBG00658F3P3,,Common Stock,Equity,BBG00658F3Q2,,Common Stock,SYF
BBG000BSFRF3,SYNOPSYS INC,SNPS,US,BBG000BSFRF3,,Common Stock,Equity,BBG001S5VTR8,,Common Stock,SNPS
BBG000BTVJ25,SYSCO CORP,SYY,US,BBG000BTVJ25,,Common Stock,Equity,BBG001S5WJS8,,Common Stock,SYY
BBG000BSJK37,AT&T INC,T,US,BBG000BSJK37,,Common Stock,Equity,BBG001S5VWH2,,Common Stock,T
BBG000C15114,BIO-TECHNE CORP,TECH,US,BBG000C15114,,Common Stock,Equity,BBG001S66C28,,Common Stock,TECH
BBG000BS7KS3,MOLSON COORS BEVERAGE CO - B,TAP,US,BBG000BS7KS3,,Common Stock,Equity,BBG001S5VQ21,,Common Stock,TAP
BBG000NDV1D4,T-MOBILE US INC,TMUS,US,BBG000NDV1D4,,Common Stock,Equity,BBG001SKR9Y6,,Common Stock,TMUS
BBG000BVMPN3,T ROWE PRICE GROUP INC,TROW,US,BBG000BVMPN3,,Common Stock,Equity,BBG001S5WW18,,Common Stock,TROW
BBG000BS1YV5,TAKE-TWO INTERACTIVE SOFTWRE,TTWO,US,BBG000BS1YV5,,Common Stock,Equity,BBG001S9TN41,,Common Stock,TTWO
BBG000BY29C7,TAPESTRY INC,TPR,US,BBG000BY29C7,,Common Stock,Equity,BBG001SFH7D5,,Common Stock,TPR
BBG000H8TVT2,TARGET CORP,TGT,US,BBG000H8TVT2,,Common Stock,Equity,BBG001SC0K41,,Common Stock,TGT
BBG000RGM5P1,TE CONNECTIVITY LTD,TEL,US,BBG000RGM5P1,,Common Stock,Equity,BBG001STLRP3,,Common Stock,TEL
BBG000BMT9T6,TELEDYNE TECHNOLOGIES INC,TDY,US,BBG000BMT9T6,,Common Stock,Equity,BBG001SDK336,,Common Stock,TDY
BBG000BV59Y6,TELEFLEX INC,TFX,US,BBG000BV59Y6,,Common Stock,Equity,BBG001S5WNP2,,Common Stock,TFX
BBG000BV4DR6,TERADYNE INC,TER,US,BBG000BV4DR6,,Common Stock,Equity,BBG001S5WMZ3,,Common Stock,TER
BBG000N9MNX3,TESLA INC,TSLA,US,BBG000N9MNX3,,Common Stock,Equity,BBG001SQKGD7,,Common Stock,TSLA
BBG000BVV7G1,TEXAS INSTRUMENTS INC,TXN,US,BBG000BVV7G1,,Common Stock,Equity,BBG001S5WYZ7,,Common Stock,TXN
BBG000BVVQQ8,TEXTRON INC,TXT,US,BBG000BVVQQ8,,Common Stock,Equity,BBG001S5WZ39,,Common Stock,TXT
BBG000BVDLH9,THERMO FISHER SCIENTIFIC INC,TMO,US,BBG000BVDLH9,,Common Stock,Equity,BBG001S5WS08,,Common Stock,TMO
BBG000BV8DN6,TJX COMPANIES INC,TJX,US,BBG000BV8DN6,,Common Stock,Equity,BBG001S5WQ93,,Common Stock,TJX
BBG000BLXZN1,TRACTOR SUPPLY COMPANY,TSCO,US,BBG000BLXZN1,,Common Stock,Equity,BBG001S7K017,,Common Stock,TSCO
BBG000BM6788,TRANE TECHNOLOGIES PLC,TT,US,BBG000BM6788,,Common Stock,Equity,BBG001S5SBV6,,Common Stock,TT
BBG000L8CBX4,TRANSDIGM GROUP INC,TDG,US,BBG000L8CBX4,,Common Stock,Equity,BBG001SPV1C1,,Common Stock,TDG
BBG000BJ81C1,TRAVELERS COS INC/THE,TRV,US,BBG000BJ81C1,,Common Stock,Equity,BBG001S5R103,,Common Stock,TRV
BBG000BNPS52,TRIMBLE INC,TRMB,US,BBG000BNPS52,,Common Stock,Equity,BBG001S5SZP0,,Common Stock,TRMB
BBG000BYYLS8,TRUIST FINANCIAL CORP,TFC,US,BBG000BYYLS8,,Common Stock,Equity,BBG001S5YYC0,,Common Stock,TFC
BBG000H6HNW3,TWITTER INC,TWTR,US,BBG000H6HNW3,,Common Stock,Equity,BBG001T35PT7,,Common Stock,TWTR
BBG000BVWZF9,TYLER TECHNOLOGIES INC,TYL,US,BBG000BVWZF9,,Common Stock,Equity,BBG001S5WZB0,,Common Stock,TYL
BBG000DKCC19,TYSON FOODS INC-CL A,TSN,US,BBG000DKCC19,,Common Stock,Equity,BBG001S871D5,,Common Stock,TSN
BBG000C41023,UDR INC,UDR,US,BBG000C41023,,REIT,Equity,BBG001S6KCT3,,REIT,UDR
BBG00FWQ4VD6,ULTA BEAUTY INC,ULTA,US,BBG00FWQ4VD6,,Common Stock,Equity,BBG00FWQ4W44,,Common Stock,ULTA
BBG000FFDM15,US BANCORP,USB,US,BBG000FFDM15,,Common Stock,Equity,BBG001S6T8C1,,Common Stock,USB
BBG000BXM6V2,UNDER ARMOUR INC-CLASS A,UAA,US,BBG000BXM6V2,,Common Stock,Equity,BBG001SJLLQ7,,Common Stock,UAA
BBG009DTD8H2,UNDER ARMOUR INC-CLASS C,UA,US,BBG009DTD8H2,,Common Stock,Equity,BBG009DTD8J0,,Common Stock,UA
BBG000BW3299,UNION PACIFIC CORP,UNP,US,BBG000BW3299,,Common Stock,Equity,BBG001S5X2M0,,Common Stock,UNP
BBG000M65M61,UNITED AIRLINES HOLDINGS INC,UAL,US,BBG000M65M61,,Common Stock,Equity,BBG001SQ87W0,,Common Stock,UAL
BBG000CH5208,UNITEDHEALTH GROUP INC,UNH,US,BBG000CH5208,,Common Stock,Equity,BBG001S6WCJ1,,Common Stock,UNH
BBG000L9CV04,UNITED PARCEL SERVICE-CL B,UPS,US,BBG000L9CV04,,Common Stock,Equity,BBG001SDGSH1,,Common Stock,UPS
BBG000BXMFC3,UNITED RENTALS INC,URI,US,BBG000BXMFC3,,Common Stock,Equity,BBG001SBGZ25,,Common Stock,URI
BBG000CB8Q50,UNIVERSAL HEALTH SERVICES-B,UHS,US,BBG000CB8Q50,,Common Stock,Equity,BBG001S6S976,,Common Stock,UHS
BBG000BBGGQ1,VALERO ENERGY CORP,VLO,US,BBG000BBGGQ1,,Common Stock,Equity,BBG001S5X8K9,,Common Stock,VLO
BBG000FRVHB9,VENTAS INC,VTR,US,BBG000FRVHB9,,REIT,Equity,BBG001S9T7M6,,REIT,VTR
BBG000BGKHZ3,VERISIGN INC,VRSN,US,BBG000BGKHZ3,,Common Stock,Equity,BBG001S7BCF6,,Common Stock,VRSN
BBG000BCZL41,VERISK ANALYTICS INC,VRSK,US,BBG000BCZL41,,Common Stock,Equity,BBG001SBRX64,,Common Stock,VRSK
BBG000HS77T5,VERIZON COMMUNICATIONS INC,VZ,US,BBG000HS77T5,,Common Stock,Equity,BBG001S67QY1,,Common Stock,VZ
BBG000C1S2X2,VERTEX PHARMACEUTICALS INC,VRTX,US,BBG000C1S2X2,,Common Stock,Equity,BBG001S68LJ8,,Common Stock,VRTX
BBG000BWCKB6,VF CORP,VFC,US,BBG000BWCKB6,,Common Stock,Equity,BBG001S5X749,,Common Stock,VFC
BBG000C496P7,VIACOMCBS INC - CLASS B,VIAC,US,BBG000C496P7,,Common Stock,Equity,BBG001S6L063,,Common Stock,VIAC
BBG00Y4RQNH4,VIATRIS INC,VTRS,US,BBG00Y4RQNH4,,Common Stock,Equity,BBG00Y52JV51,,Common Stock,VTRS
BBG000PSKYX7,VISA INC-CLASS A SHARES,V,US,BBG000PSKYX7,,Common Stock,Equity,BBG001SRCFY3,,Common Stock,V
BBG000BWHD54,VORNADO REALTY TRUST,VNO,US,BBG000BWHD54,,REIT,Equity,BBG001S5X909,,REIT,VNO
BBG000BWGYF8,VULCAN MATERIALS CO,VMC,US,BBG000BWGYF8,,Common Stock,Equity,BBG001S5X8R2,,Common Stock,VMC
BBG000BD1HP2,WR BERKLEY CORP,WRB,US,BBG000BD1HP2,,Common Stock,Equity,BBG001S5P463,,Common Stock,WRB
BBG000BDD940,WABTEC CORP,WAB,US,BBG000BDD940,,Common Stock,Equity,BBG001S5XBT3,,Common Stock,WAB
BBG000BWXBC2,WALMART INC,WMT,US,BBG000BWXBC2,,Common Stock,Equity,BBG001S5XH92,,Common Stock,WMT
BBG000BWLMJ4,WALGREENS BOOTS ALLIANCE INC,WBA,US,BBG000BWLMJ4,,Common Stock,Equity,BBG001S5XBY7,,Common Stock,WBA
BBG000BWVSR1,WASTE MANAGEMENT INC,WM,US,BBG000BWVSR1,,Common Stock,Equity,BBG001S5XH47,,Common Stock,WM
BBG000FQRVM3,WATERS CORP,WAT,US,BBG000FQRVM3,,Common Stock,Equity,BBG001S8MDG9,,Common Stock,WAT
BBG000BWP7D9,WEC ENERGY GROUP INC,WEC,US,BBG000BWP7D9,,Common Stock,Equity,BBG001S5XDC7,,Common Stock,WEC
BBG000BWQFY7,WELLS FARGO & CO,WFC,US,BBG000BWQFY7,,Common Stock,Equity,BBG001S5XF23,,Common Stock,WFC
BBG000BKY1G5,WELLTOWER INC,WELL,US,BBG000BKY1G5,,REIT,Equity,BBG001S5RTQ4,,REIT,WELL
BBG000BX24N8,WEST PHARMACEUTICAL SERVICES,WST,US,BBG000BX24N8,,Common Stock,Equity,BBG001S5XK22,,Common Stock,WST
BBG000BWNFZ9,WESTERN DIGITAL CORP,WDC,US,BBG000BWNFZ9,,Common Stock,Equity,BBG001S5XD28,,Common Stock,WDC
BBG000BB5373,WESTERN UNION CO,WU,US,BBG000BB5373,,Common Stock,Equity,BBG001SR0YK0,,Common Stock,WU
BBG008NXC572,WESTROCK CO,WRK,US,BBG008NXC572,,Common Stock,Equity,BBG008NXC581,,Common Stock,WRK
BBG000BX3BL3,WEYERHAEUSER CO,WY,US,BBG000BX3BL3,,REIT,Equity,BBG001S5XL11,,REIT,WY
BBG000BWSV34,WHIRLPOOL CORP,WHR,US,BBG000BWSV34,,Common Stock,Equity,BBG001S5XFS5,,Common Stock,WHR
BBG000BWVCP8,WILLIAMS COS INC,WMB,US,BBG000BWVCP8,,Common Stock,Equity,BBG001S5XH10,,Common Stock,WMB
BBG000LD9JQ8,WYNN RESORTS LTD,WYNN,US,BBG000LD9JQ8,,Common Stock,Equity,BBG001SJZ2V8,,Common Stock,WYNN
BBG000BX57K1,DENTSPLY SIRONA INC,XRAY,US,BBG000BX57K1,,Common Stock,Equity,BBG001S5XLV8,,Common Stock,XRAY
BBG000GZQ728,EXXON MOBIL CORP,XOM,US,BBG000GZQ728,,Common Stock,Equity,BBG001S69V32,,Common Stock,XOM
BBG000BCTQ65,XCEL ENERGY INC,XEL,US,BBG000BCTQ65,,Common Stock,Equity,BBG001S7F0X8,,Common Stock,XEL
BBG000C0F570,XILINX INC,XLNX,US,BBG000C0F570,,Common Stock,Equity,BBG001S62S63,,Common Stock,XLNX
BBG001D8R5D0,XYLEM INC,XYL,US,BBG001D8R5D0,,Common Stock,Equity,BBG001V05C73,,Common Stock,XYL
BBG000BH3GZ2,YUM! BRANDS INC,YUM,US,BBG000BH3GZ2,,Common Stock,Equity,BBG001S7JQ30,,Common Stock,YUM
BBG000CC7LQ7,ZEBRA TECHNOLOGIES CORP-CL A,ZBRA,US,BBG000CC7LQ7,,Common Stock,Equity,BBG001S6SX73,,Common Stock,ZBRA
BBG000BKPL53,ZIMMER BIOMET HOLDINGS INC,ZBH,US,BBG000BKPL53,,Common Stock,Equity,BBG001S7DQJ9,,Common Stock,ZBH
BBG000BX9WL1,ZIONS BANCORP NA,ZION,US,BBG000BX9WL1,,Common Stock,Equity,BBG001S5XN80,,Common Stock,ZION
BBG0039320N9,ZOETIS INC,ZTS,US,BBG0039320N9,,Common Stock,Equity,BBG0039320P7,,Common Stock,ZTS
